,duration,score
0,61.696,18.8213015995351
1,9.719,8.785002459427023
2,33.295,13.337319609843323
3,72.259,20.8609235057044
4,17.149,10.219669766332059
5,7.599,8.37564920362101
6,74.546,21.30252298496306
7,4.943,7.8627990869131
8,3.55,7.5938231032632055
9,18.251,10.432456222887826
10,100.582,26.32984438504105
11,10.815,8.996630369032395
12,61.696,18.8213015995351
